"Auteur";"Date";"Texte";"Note"
"David";"Il y a 15 heures";"J’ai soutenu Circular Ring sur Kickstarter, séduit par l’idée d’une bague connectée révolutionnaire, capable de mesurer la tension artérielle, la glycémie et bien plus encore. Ce n’était pas juste un bijou tech, c’était présenté comme une avancée majeure pour la santé préventive.Résultat ? Un objet certes design, mais loin de ce qui était promis.Les fonctionnalités les plus innovantes (celles qui ont fait vendre) ne sont ni disponibles, ni incluses. Pire : elles sont monétisées via des abonnements ou des achats intégrés.👉 En d’autres termes, ils nous ont vendu une bague de santé, pour au final livrer un bracelet de sommeil de luxe déguisé, à compléter… moyennant supplément.Ce qui s’apparente à une pratique commerciale trompeuse, c’est ce glissement progressif : les promesses deviennent des “objectifs ambitieux”, les fonctionnalités deviennent “optionnelles”, et les backers deviennent des clients piégés.C’est un mensonge par omission, savamment orchestré.En tant que contributeur de la première heure, je me sens volé.Circular ne tient pas ses engagements, transforme son discours, et se défausse derrière une communication fuyante.Je déconseille fermement cet achat pour le moment.Tant que Circular ne respecte pas ses promesses ou n’offre pas un accès complet à ceux qui ont permis à cette bague d’exister, ce projet reste pour moi une trahison technologique.";"1"
"Jasmin Rajab Lootah";"18 juil. 2025";"Depuis que je porte cette bague, je dors plus profondément. L’application me guide avec de bons conseils simples. Je me sens mieux chaque matin.";"5"
"JFZ";"10 juil. 2025";"Cette société ne tiens pas ses engagements.  Produits défectueux au bout de 4 mois, pas possible de remplacer et toujours pas remboursé depuis 8 mois... a fuirPire service consommateur jamais vu, les pauvres conseillers font ceux qui ils peuvent pour supporter leur manager incompétent.";"1"
"Zayyan";"10 juil. 2025";"Je la porte souvent pendant mes séances sportives. Elle suit mes données sans gêne, et son design me plaît vraiment.";"5"
"Blaise Fontaine";"8 juil. 2025";"Je n’étais pas sûr d’en avoir besoin, mais maintenant je ne peux plus m’en passer. Cela a amélioré mon sommeil et mon bien-être général.";"5"
"Gérard";"6 juil. 2025";"Résumé des épisodes... commande#S-9266814/06/24 prise de contact car ma circular slim est HS20/07/24 renvoi de la bague avec étiquette prépayée23/07/24 réception par CircularEt depuis comme beaucoup je me fais balader avec des fausses promesses...MàJ : redressement judiciaire de Circular en date du 8/10/24!!!Donc on comprend mieux le fait que les remboursements ne viennent pas!!Les avoirs sont gelés!!6/07/25Tiens tiens toujours pas de remboursement, j'ai eu l'argument de la liste d'attente bien sûrJ'ai saisi le médiateur et Circular n'a pas réponduÉtape suivante avec Signal Conso où Circular n'a pas non plus répondu (ils s'intéressent à leurs clients en SAV !!!)Donc je viens de contacter ma protection juridique car là depuis le 14/06/24 ça devient lassantPour Circular, vous allez avoir plus de frais de justice que mon remboursement de 273€ mais ce n'est pas mon problème, ce n'est pas faute d'avoir été patient !!";"1"
"BEAPS";"1 juil. 2025";"N'esperez pas passer la bague au doigt...CIRCULAR n'est que du vent.... CIRCULAR ne fabrique pas... Il revend un produit.CIRCULAR est un miroir aux alouettes: ça brille beaucoup pour attirer, mais il n'y a rien derrière si ce n'est un coup de fusil.CIRCULAR n'est rien d'autre qu'un piège à gogo.Une chose est sûre: si vous aimez les gadgets et perdre de l'argent: c'est le bon plan! (de ma triste expérience).";"1"
"Amaury Picard";"1 juil. 2025";"C’est agréable de ne pas avoir besoin d’un abonnement. La bague et l’application fonctionnent parfaitement ensemble, et j’obtiens tout ce dont j’ai besoin avec elles.";"5"
"Samuel Roger";"18 juin 2025";"J’aime le fait qu’il n’y ait pas besoin d’abonnement. La bague et l’application fonctionnent parfaitement ensemble, et j’obtiens toutes les informations dont j’ai besoin sans frais supplémentaires.";"5"
"Sylvain Stoerckler";"17 juin 2025";"La saga continue, toujours pas de remboursement effectif de ma commande passée le 17 octobre 2024.Ils répondent toujours très gentiment qu'ils vont s'occuper rapidement de résoudre le problème, mais .. ils ne font rien. Après avoir évoqué de manière dilatoire plusieurs raisons de non-remboursement, dont la fameuse liste d'attente ou la fameuse adresse email pour le soi-disant remboursement, je pense que le sérieux ou l'honnêteté n'est pas la caractéristique principale de votre entreprise.";"1"
"Yoann";"14 mai 2025";"Bague qui a fonctionner 2 ou 3jours.Service client contacté dans la foulée Garantie #S-92183.Aucune réactivité.Apres 8mois d'échange, ils me demandent de renvoyer la bague pour remboursement.Bague renvoyée en décembre, aucune nouvelle malgré des relances.Passez votre chemin avec cette société et cette bague si vous ne voulez pas perdre votre argent.";"1"
"Pascal";"13 mars 2025";"Après avoir essayé d’obtenir pendant plusieurs mois un deuxième remplacement de ma bague, j’ai finalement demandé un remboursement… ça dure depuis fin décembre !!! « On fait de notre mieux », « on comprend votre frustration », « nous faisons tout notre possible » ! Bref que du pipo.J’ai déjà laissé un message ici il y a trois mois. J’ai eu la même réponse que beaucoup : « On est désolé…. va prendre contact et régler le problème rapidement. » pas de contact pris et problème toujours pas réglé.À ce point là, je pense qu’on peut considérer que c’est une arnaque.";"1"
"Domenico DP";"7 mars 2025";"Méfiez-vous ! Il ne respecte pas le délais de rétractation ! J'ai eu le malheur d'avoir acheter une Circular Ring quelques jours avant la sortie de la Slim. La première n'étant pas fiable. J'avais demandé le remboursement de la Slim et de la Ring. Aucun des 2 n'a été remboursé ... ils sont très fort pour vous faire tourner en rond. Ils prétextent des délais administratives et promettent de revenir vers vous... mais pas de nouvelle. Et quand vous faites un rappel, ils donnent d'autres excuses. Ils sont très fort.";"1"
"IVAN";"7 mars 2025";"ATTENTION GROSSE ARNAQUE ET SCAM !!Promesse de remboursement  et ou d'envoi de bague BIDON !!!Attention !! Ne vous faites pas avoir !Plus de 2 ans d'attente ! commande en 2022 !! Bagues mal finies qui s'arrêtent et non fonctionnelles...";"1"
"EKL";"28 févr. 2025";"Suite à un soucis de taille de la bague, le support m'a proposé de me renvoyer la taille en dessous plutôt qu'un remboursement. Ne voyant rien arriver, le support m'a dit qu'il faudrait que j'attende 3 mois pour la recevoir... J'ai demandé alors un remboursement. Remboursement que j'attends toujours depuis plus d'1 mois maintenant malgré de multiples relances et qu'il a fallu que je demande via PayPal car la procédure standard n'a pas marché. La personne du support a toujours répondu à mes relances mais ne peut apparemment rien faire pour aider au remboursement....";"1"
"Thomas H";"Actualisé le 22 févr. 2025";"Petit compagnon agréable à porter et très utile pour connaître ses données corporelles. Idéal comme assistant de suivi de santé.";"5"
"Pierre-Alexandre THEBAUD";"20 févr. 2025";"Circular Slim commandé fin 2023, reçu en mars 2024, fonctionnement normal pendant 3 semaines puis l'anneau est mort, remplacement qui a pris 1 à 2 mois, le nouvel anneau a fonctionné normalement 2 mois. Je précise que pour le 2ème anneau j'y ai fait vraiment attention, je ne le portais même plus en faisant du sport pour ne pas l'abîmer. Bref je me résous à demander un remboursement, 4 mois plus tard je suis toujours dans l'attente d'un remboursement et on me balade pour me demander d'être patient et que ça va venir... En résumé, anneau très fragile et non fiable, service client ne faisant pas son boulot. Obtenir un remboursement pour un produit défectueux semble impossible";"1"
"Cold";"10 févr. 2025";"J'ai reçu 3 bagues, et à chaque fois, la batterie n'a pas tenu plus de 6 mois. Maintenant, cela fait près d'un mois que j'attends un remboursement, mais rien ne vient. Bref, c'est le même constat que pour beaucoup d'autres clients.";"1"
"Deborah";"5 févr. 2025";"Circular Ring Slim est tellement simple à utiliser et s'ajuste parfaitement. Les informations de santé sont très précises, et l'alarme vibrante est un joli ajout";"5"
"Brian";"5 févr. 2025";"Ce tracker de santé est incroyable, et le meilleur, c'est qu'il n'y a pas d'abonnement. Le suivi du stress est une super fonctionnalité, et l'application fournit de nombreuses données utiles";"5"
"Jeremy";"5 févr. 2025";"Le suivi du sommeil avec cette bague est très impressionnant. Elle fournit des données détaillées, et elle est si confortable que je ne la remarque même pas quand je la porte";"5"
"Adam";"5 févr. 2025";"J'ai acheté cette bague il y a quelques mois, et elle est devenue un excellent ajout à ma routine. Le suivi du sommeil est détaillé, et l'application regorge de données utiles";"5"
"Jerry";"4 févr. 2025";"J'utilise la Circular Ring Slim tous les jours, et c'est fantastique. Elle est légère, confortable, et suit ma santé parfaitement. Les fonctionnalités de l'application sont également excellentes";"5"
"Bruce";"22 janv. 2025";"Je suis satisfait de mon expérience avec cette bague. Elle est incroyablement légère, suit mes données de santé correctement, et l'application est pleine de fonctionnalités";"5"
"Aaron";"22 janv. 2025";"Le design de cette bague est élégant et si léger. Elle suit ma fréquence cardiaque et mon SpO2 avec précision, et l'application est un outil utile pour le bien-être";"5"
"Benjamin";"21 janv. 2025";"La bague est facile à porter, et l'autonomie de la batterie est correcte, elle dure plusieurs jours. Elle est légère, élégante et parfaite pour une utilisation quotidienne";"5"
"Joshua";"21 janv. 2025";"Cette bague est très fine et facile à porter toute la journée. Elle suit la fréquence cardiaque et le sommeil avec précision, et les exercices de respiration guidée sont vraiment utiles";"5"
"David";"Actualisé le 31 mars 2025";"--------------------------------------------------------------Mise à jour du 31 Mars:--------------------------------------------------------------Procédure de médiation conso et répression des fraudes enclenchées.À noter que l'entreprise est en redressement judiciaire depuis Août 2024.--------------------------------------------------------------Mise à jour du 21 Février:--------------------------------------------------------------Toujours pas reçu de remboursement malgré relance il y a un mois, par contre je reçois bien le spam sur la nouvelle bague.Des promesses rien que des promesses.Si d'ici un mois rien ne bouge je vais contacter la DGCCRF et le médiateur conso.--------------------------------------------------------------Évaluation du 20 Janvier ci-dessous--------------------------------------------------------------Je ne relate pas les innombrables échanges par mail entre chaque étape parce que ça sera trop long sinon.2024:Février: commandeMai: réceptionSeptembre: la bague est déjà hors serviceNovembre: remplacement annoncé par le supportDécembre: toujours pas de remplacement, le support annonce un remboursement2025:À ce jour, 20 janvier 2025 toujours pas remboursé malgré de multiples relances, je me décide à faire un retour trustpilot.Le support est réactif mais on finit par se dire que ce n'est qu'une façade et qu'il n'y a rien derrière.Je mettrai à jour quand je serai enfin remboursé.À noter que les avis positifs ci-dessous sont de toute évidence des faux, ça saute aux yeux quand on prend le temps de les lire.";"1"
"SB";"Actualisé le 20 janv. 2025";"A fuir. La bague ne fonctionne pas et après un retour demandé AUCUN remboursement. Cela fait UN AN que j'attends et que l'on me promet d'accélérer le remboursement !Suite à la réponse de Circular : c'est exactement ce que l'on me répond à tous mes mails depuis un an !";"1"
"Arielle";"15 janv. 2025";"ARNAQUE TOTALE !!!A FUIR !!! J'ai payé ma bague il y a 3 ans... ! Vous vous rendez compte ? suite à non réception de ma bague après 2 ans j'ai demandé un remboursement. Et cela fait 1 an qu'ils me baladent à me dire ""Nous sommes en train de résoudre le souci et faisons le nécessaire pour accélérer le processus"", mais RIEN. Aucun remboursement à l'horizon DEPUIS 1 AN. Ce sont des manipulations pour ne rien rembourser...NE LEUR FAITES PAS CONFIANCE !!!";"1"
"Stephane Letailleur";"14 janv. 2025";"Du  nouveau dans ma situation, ils me remboursent 164.06 euros au lieu des 254.06.Bon je leur aI rappelé  certains articles des codes de la consommation et du code civil.Ils sont  vraiment magique.... Ou sont passé les 90 euros manquant ?J'ose espérer qu'ils vont revoir leur copie avant que je passe à l'étape supérieure.Le SAV est assez réactif mais je pense bien bridé par leur direction.PASSEZ NEANMOINS VOTRE CHEMIN";"1"
"Guillaume A.";"11 janv. 2025";"Bague Circular Slim v1 267,80€ commandée le 21/02/2024, reçue 13/05/2024 avec promesse de livraison d'un 2ème chargeur pour avoir autant attendu... mais chargeur jamais reçu, et bague totalement HS le 18/10/2024 /!\ Multiples échanges dilatoires avec le bot Relna (ou ça répond comme tel) entre le 19/10/2024 et le 19/12/2024 et depuis plus de son ni d'image.... Seulement 2 mails reçus avec remise gracieuse annoncée d'env. 85% (?) pour remettre 100€ dans leur bague v2 lorsqu'elle sera commercialisée...(et v1 annoncée abandonnée au passage). Mais de qui se moque t'on s'agissant d'un SAV pour un objet attendu 3 mois et qui a fonctionné 5 mois ?! FUYEZ !!!";"1"
"Philippe Luttringer";"3 janv. 2025";"BonjourProduit commandé en Novembre 2023, reçu en Janvier 2024. A totalement cessé de fonctionner le 20/02/2024, après plusieurs échanges avec le service client ça refonctionne le 26/02. Produit fonctionne de manière défectueuse a partir du 27/05, après de très nombreux échanges avec le support et renvoi du produit pour analyse, il est finalement échangé le 03/09/2024.Produit cesse totalement de fonctionner le 08/11/2024, nombreux échanges en cours avec le support, pas de résolution a date.Circular (produit et support) est ma pire expérience client";"1"
"sam boucher";"31 déc. 2024";"J'ai acheté une bague en juin 2023, pour atteindre 6 mois de livraison, pour avoir une bague qui était défectueuse et qui a durée quelques semaines seulement. Maintenant, cela fait maintenant plus d'un an que j'attends après ma bague de remplacement et Circular m'invente toutes sortes de conneries. La compagnie est médiocre. Personne ne va acheter de cette petite entreprise dans mes contacts. Je n'ai jamais vu une compagnie aussi pathétique. À noter que la date (de l'expérience ci bas, n'est pas bonne, car je ne pouvais pas aller plus loin que le 32 décembre 2023 !";"1"
"Flo";"28 déc. 2024";"Un SAV déplorableAprès plus d'un mois d'attente, je n'ai jamais reçu le produit. Les soucis de livraison et de logistique existent, je ne leur en tiens pas rigueur !Le vrai problème est le service après-vente !Personne n'a jamais été capable de donner une date approximative de livraison !Les réponses se contredisent les unes les autres et n'étaient que des copier-coller de messages prérédigés qui ne veulent rien dire !Après deux semaines de palabres inutiles, ils ont enfin consenti à me rembourser l'achat !Mais je me suis retrouvé sans cadeau à offrir le soir de Noël.Le produit est certainement de qualité, mais cela ne fait pas tout. Une grosse remise en question est à prévoir !";"1"
"Gnb";"27 déc. 2024";"Bague connectée commandée le 8 novembre dernier 2024, expédition toujours repoussée pour de multiples raisons fallacieuses. et toujours pas expédiée le 27 décembre 2024, et encore moins reçue. Ils ne savent qu'envoyer des courriels de report et retard pour diverses raisons.Annulé la commande ce jour 27/12/2024. en attendant un remboursement complet, car commande non exécutée.";"1"
"Priscilla Egloff";"24 déc. 2024";"À fuir de toute urgence ! J’ai repéré cette entreprise dans la célèbre émission de M6. Le concept et le produit m’ont vraiment emballée. J’ai attendu longtemps qu’ils se développent Et mettent en vente la bague. J’y croyais vraiment beaucoup. J’ai donc fait l’achat de ma bague en novembre 2022 pour une livraison prévue en mai 2023. Les choses ont de suite mal commencé, sachant que ma bague a été livrée avec plus de six mois de retard. La taille n’était pas bonne en plus, car entre deux tailles, Je l’ai perdue. J’en ai donc rachetée une autre, Encore une fois en leur faisant confiance. Et depuis ce jour, le cauchemar. Je n’ai eu que des soucis. Le prix de la bague déjà conséquent, et j’avais acheté en plus la garantie exprès. Quand ce n’était pas la bague qui ne se synchronise plus avec l’application, C’était des problèmes de fonctionnement et de mesure des informations de santé ( un peu le but principal ) , Bref, il y avait toujours des problèmes. Et cela mettait des semaines à être résolu. En tout, on m’a changé quatre fois la bague, et à chaque fois il y a eu des problèmes et elles ne fonctionnait plus, je crois que je l’ai utilisé au maximum un mois consécutif . Entre le service client et les 25 opérateurs différents auquel l’on a affaire et qui répondent chacun une version différente, c’est la catastrophe. Je demande un remboursement car j’en ai plus qu’assez d’avoir payé presque 300 € pour un produit que je ne peux pas utiliser, On me répond qu’ils sont prêts à m’envoyer le nouveau prototype de la bague en me faisant un rabais, mais que je dois rajouter 100 € de ma poche le comble !!! Je leur maintiens que je veux un remboursement, Cela fait plus d’un mois que ça dure, et je n’ai toujours pas été remboursée. Ils essayent de gagner du temps, ils me sortent toutes les excuses du monde, D’abord c’est parce qu’il y a trop de demandes de remboursement en même temps, ensuite c’est parce que si ensuite c’est parce que ça.. On m’a promis un remboursement au 26 décembre 2024 maximum. Je sens gros comme une maison que je ne l’aurais pas d’ici là. On m’écrit pour me demander une demande de remboursement PayPal alors que j’ai payé par carte bancaire. J’ai quand même fait une demande de remboursement PayPal pour le montant entier auquel j’ai acheté la bague et j’attends toujours à ce jour… C’est une honte !! Bref produit, déplorable, service client déplorable, si je n’ai pas mon remboursement rapidement, je saisis la justice et les associations de consommateur et j’irai jusqu’au bout. Cela n’a que trop duré ! Il faut arrêter de se payer la tête des gens";"1"
"Gaspard";"5 déc. 2024";"Cette bague rend le suivi de ma  santé  amusant et simple. J'adore sa légèreté, et I'application est remplie de fonctionnalité s utiles.";"5"
"Lysandra";"5 déc. 2024";"Avec cette bague, rester en bonne santé  semble facile. Elle est super  légère, précise, et I'application me donne toutes  les informations don't j'ai besoin.";"5"
"Célestin";"4 déc. 2024";"La Circular Ring Slim s'intègre parfaitement à  mon mode de vie. Elle est élégante, suit ma condition physique sans effort, et I'application est bien conçue.";"5"
"Aimé";"4 déc. 2024";"Depuis que j'utilise cette bague, je me sens plus en phase avec me  santé. Elle est confortable à porter, et I'application fournit des données précises et détaillées.";"5"
"Eric";"2 déc. 2024";"Quand j'ai acheté cette bague, je ne m'attendais pas  à grand- chose, mais elle s'est révélée i incroyable. L'application fournit des mises  à jour claires, et la bague est très confortable.";"5"
"Violette";"1 déc. 2024";"J'utilise cette bague depuis des semaines, et je ne peux plus m'en passer. Elle est égère, élégante, et fournit des rapports détaillés  sur ma santé via I'application.";"5"
"Léandre";"27 nov. 2024";"Mon parcours fitness est devenu tellement plus facile grâce â cette bague. Elle suit tout parfaitement, et I'application me motive â rester actif.";"5"
"Célia GUILBOT";"26 nov. 2024";"Achat de la première bague Circular, arrivé 6 mois en retard. Jusque là ok... Mais la bague était défectueuse. Après avec bataillé pendant des mois, ils n'ont pas accepté de me rembourser et m'ont envoyé une seconde bague sans mon consentement (alors que je n'était pas intéressée). Aujourd'hui en novembre 2024 je bataille depuis janvier 2024 pour me faire rembourser le prix initiale de la bague. Je suis prête à renvoyer les bagues.- ils ignorent vos mails- disent qu'il vous rembourseront à la 14eme semaine de l'année (on est en novembre incroyable)- puis ils annulent vos demande de remboursement Paypal- a ce jour, 51 mails et aucun remboursement, honteux non Circular?FUYEZ SIMPLEMENT, car s'il arrive quelque chose, vous n'aurez pas de service client.Pour ma part, c'est une mise en demeure de ma part qu'il vont très prochainement recevoir si la situation ne se règle pas.";"1"
"Noéline";"24 nov. 2024";"Un ami m'a recommandé cette bague, et je suis tellement content de I'avoir écouté. Elle est légére, élégante, et rend le suivi de la santé trés simple avec I'applications.";"5"
"Séraphine";"24 nov. 2024";"Ma routine de santé quotidienne s'est tellement améliorée avec cette bague. Elle est fiable, la batterie dure longtemps, et I'application est très informative.";"5"
"Cyprien";"24 nov. 2024";"Je n'ai pas réalisé  à  quel point j'avais besoin de cette bague avant de commencer à  l'utiliser. Elle est  incroyablement  légére, et I'application me donne toutes les informations sur ma santé.";"5"
"Celeste Jarvis";"22 nov. 2024";"Au début, j'étais sceptique, mais cette bague m'a convaincu. Elle est confortable, suit tout ce dont j,ai besoin. et I'application fournit des statistiques claires.";"5"
"Aqui";"20 nov. 2024";"2d avis pour commenter la réponse de Circular à mon 1ier avis.Circular me fait cette réponse depuis plusieurs mois sans jamais me rembourser.Comment vont-ils me rembourser à partir de mon 1ier avis sachant qu'il n'y a aucune référence permettant de traiter mon dossier.Je réaffirme mon conseil de ne pas acheter de produits à cette entreprise sous peine de perdre votre argent";"1"
"Arinice";"Actualisé le 23 nov. 2024";"Cette entreprise est malhonnête. J’ai reçu ma bague en août. Après 3 semaines de fonctionnement elle a cessé de fonctionner. 3 mois de combat avec eux pour finalement obtenir un remboursement partiel sous prétexte que je n’ai pas renvoyé la bague dans les 15 jours 😂😂 Elle a marché une semaine de trop. ATTENTION ARNAQUE. Dossier transmis à la DGCCRF. J’irai jusqu’au bout pour récupérer mon argent même si ça doit m’en coûter.Mise à jour du 22/11 : je vous ai recontacté comme demandé dans votre réponse ci-dessous  et voici ce que j’ai reçu en retour ::“ Bonjour Ariel,Merci de nous avoir contactés.Je suis Reina, du service clientèle de Circular.Je comprends votre frustration et vous présente à nouveau mes excuses pour cette expérience décevante.Je vous confirme que votre dossier a été clôturé, car le remboursement partiel a été effectué.Si vous avez d'autres questions ou préoccupations, n'hésitez pas à nous en faire part.Nous restons à votre disposition pour toute clarification supplémentaire.Cordialement,”Une vraie blague 😂😂😂 “ma satisfaction est en réalité le dernier de leurs soucis”. Je suis fatigué, j’ai mis le dossier entre les mains de ma protection juridique. INCROYABLE QU UNE SOCIÉTÉ FRANÇAISE PUISSE SE COMPORTER IMPUNÉMENT DE LA SORTE !!!!L ARNAQUE CONTINUE DE PLUS BELLE !!Mise à jour le 23/12 : cette bande descrocs que j’ai contactés suite à meut demande m’ont répondu ça :“Bonjour Ariel,Merci de nous avoir contactés.Je suis Reina, du service clientèle de Circular.Je comprends votre frustration et je m'excuse sincèrement pour le dérangement.Le message que vous avez reçu est généré automatiquement après un avis laissé sur Trustpilot, afin de nous assurer que toutes les préoccupations sont prises en compte et que nous avons exploré toutes les options possibles pour résoudre le problème.Je tiens à vous informer que votre dossier a bien été clôturé par notre service financier.Merci de votre compréhension.”CEST HONTEUX!!! CES ESCROCS N ONT AUCUNE ÉTHIQUE";"1"
"maud";"18 nov. 2024";"Je n'ai qu'un mot : voleur.Retour d'expérience client : l'anneau connaît de nombreux dysfonctionnements majeurs. Par exemple : la batterie est vide au bout de 3 à 4 heures, les data sont erronées. Un gros écart est relevé sur le traker pas. Pas de données sommeil et les données concernant le cardio n'apparaîssent presque jamais. Point positif : le service client répond aux nombreux mails mais n'apporte aucune solution. J'ai renvoyé l'anneau défectueux inutilisable en septembre depuis plus rien.... c'est purement du vol. A 400 Euros la bague qui ne fonctionne pas du tout, je déconseille fortement cet achat. On comprend que c'est une version beta, mais il n'y a vraiment aucune utilité.";"1"
"Mathieu Yclick";"13 nov. 2024";"J'ai acheté la bague connectée Circular en pensant trouver un produit high-tech moderne et pratique. Mais dès l'installation, la déception est au rendez-vous. Le logiciel est visiblement pensé pour un écran de PC : sur smartphone, tout est minuscule, illisible, et cliquer devient un parcours du combattant. L’interface semble tout droit sortie des années 90, avec des adresses MAC et des noms internes compliqués, tout sauf convivial. En plus, l'application fait des erreurs à répétition, rendant son utilisation encore plus frustrante.Comme si cela ne suffisait pas, mon chargeur est tombé en panne après seulement deux jours. Au lieu de simplement le remplacer, le service client complique les choses pour une pièce qui vaut à peine 50 centimes. Pour un produit de cette gamme, c’est vraiment inadmissible.";"1"
"MIRAMBEAU STEPHANE";"6 nov. 2024";"Ce sera donc mon second message sur une expérience totalement incroyable pour une startup qui se veut différente ...Commande en août, premier dysfonctionnement après 10 jours, changement de la bague après de multiples échanges, réception en septembre, second dysfonctionnement 2 mois après, et le sketch recommence.On me demande plusieurs choses, des vidéos de la bague sur son chargeur (je ne vois pas l'intérêt), des tests de chargement (charge de plus de 24 heures) et alors que le problème était exactement le même que la première fois.Une personne charmante dialogue avec moi, elle m'explique que tout se passera bien, que le remplacement est en cours, que je peux demander effectivement de changer la couleur de la bague et que je peux intégrer la liste d'attente pour la bague de seconde génération.Je me dis alors que tout va bien et que ma première expérience d'août dernier est derrière mois.Mais Circular reste une société incroyable car en 1 jour, tout peut changer.Je reçois un mail ce matin, de la même personne avec qui j'avais échangée. Curieusement, elle m'écrit en anglais alors que les premiers échanges étaient en anglais.Elle m'annonce alors ... ""En fait, je ne suis au courant de rien, le remplacement n'est pas lancé, la bague restera de toute façon en noir et blablabla."".Je reviens donc une semaine en arrière.En résumé, fuyez cette société, une startup à deux balles qui propose des produits de mauvaise qualité et un support tout simplement inexistant.Une jolie image de l'innovation française.";"1"
"Drakontos";"3 nov. 2024";"J'ai eu un peu de retard avec la livraison (île de la Réunion DOM), mais le produit est de qualité j'ai la version silver, les données sont très correct j'utilise une smartwatch Huawei et Amazfit les données recueillir par la bague pour le suivi santé globale sont très similaires a mes montres connecté , je l'ai pas encore tester concernant le suivi sportif mais pour le reste elle est fiable , la batterie tiens 2 jours en mode performance et je pense qu'en mode eco sa tiens facilement 5-6 jours , j'avais lu que pour la synchronisation était catastrophique , la première synchronisation était longue (1-2 minutes) mais après en générale c'est de l'ordre  de 30 40 secondes, petit qui m'a fait choisir la bague le système de vibration, un travail a était fait sur la qualité du produit et surtout sur la partie logiciel (application android) juste un bémol concernant l'application j'ai mis la langue en Français mais l'application me pose des question en anglais";"5"
"Frederic DALMAIS";"Actualisé le 29 oct. 2024";"La suite des 2 avis précédents.J’ai finalement reçu une bague de remplacement début Juillet, soit 3 semaines après le dernier post.Celle-ci a fonctionné plus longtemps que la première (rappel : moins de 15 jours), mais pas plus de 6 semaines. Ensuite problème d’étanchéité qui rend la bague non fonctionnelle (tenue de charge de quelques heures, puis plus aucune).J’ai donc repris mes discussions passionnantes avec le chat de Circular, et toujours cette capacité à tourner en rond et que tout sera résolu rapidement. C’était le 22 août.Nous sommes maintenant le 29 octobre et toujours rien !Entre temps, on m’a proposé de changer le modèle noir (en rupture de stock taille 11) contre le modèle Silver qui est disponible, pour un remplacement immédiat ! J’ai accepté cette proposition pour entendre cette semaine que le modèle Silver était disponible au moment de la proposition mais qu’elle ne l’est plus dorénavant. Et toujours aucune capacité et confirmer un quelconque délai (c’est la principale régularité de Circular : la chaîne d’approvisionnement est une boite noire qu’ils ne semblent aucunement maîtriser).Bref, toujours aucune idée si je recevrais un jour une bague réellement fonctionnelle , ni sous quel délai.Pour autant, on voit sur leur site que des promesses de livraison sous 2 semaines ! Quelle blague !Je confirme donc mes avis précédents de passer son tour et d’économiser le prix conséquent d’un équipement qui n’est pas aboutit qualitativement, et auquel il n’existe aucun service client digne de ce nom.Édit 29/10 12h : quelle rapidité de réponse de Circular ! Avec exactement le type de message qui n’apporte aucune réponse, comme c’est le cas lors de tout autre échange. Voyons quel résultat cela apporte… En tout cas, une vraie volonté de contrôler l’image projetée sur les communautés, en reconnaissant des imperfections mais en n’apportant aucun correctif. À suivre.";"1"
"Ben";"23 oct. 2024";"Aucun remboursement malgré de nombreuses promesses faites par Circular à travers des interlocuteurs à chaque fois différents, et ce après un achat réalisé en novembre 2023 …Selon moi, il ne faut donner aucune confiance à cette entreprise.";"1"
"Bruno Guaglianone";"18 oct. 2024";"Le service client est lamentableJe commande une bague en mars.Déjà je dois attendre 2 mois avant de la recevoir.Le paiement a été prélevé immédiatement par contre 🤔Dysfonctionnement en juin et depuis toujours rien. L’envoi doit toujours être réalisé la semaine prochaineDe vagues excuses sur la gêne rencontrée.Mais aucune action réelle.Je pense de plus en plus à une arnaque et je vais me rapprocher de la justice pour essayer de récupérer mon argent.";"1"
"Valentin Baud";"15 oct. 2024";"J’ai commandé 2 bagues en Mai. J’en étais très content le premier mois, mais, l’une d’entre elle a cessé de fonctionner au bout d’un mois.Ça arrive, je contacte le support.Un peu lent, des vérifications à effectuer. On me confirme l’envoi d’une nouvelle bague en juillet pour août.Toujours pas de nouvelle bague, le support me demande juste d’attendre.";"1"
"Olivier SCHULTZ";"3 oct. 2024";"Bague commandée en juin 2022. Oui oui 2022.... Jamais livrée.Demande de remboursement effectuée en décembre 2023 ... Jamais remboursé.Courrier avec AR envoyé a l'adresse du siège social : courrier retourné personne a cette adresse...Personne ne me répond plus ni par email ni sur les réseaux sociaux..FUYEZ C'est une arnaque.Je vais déposer une plainte auprès du procureur de la république pour escroquerie... FUYEZ VRAIMENT";"1"
"Annie";"3 oct. 2024";"J'ai commandé une bague Circular qui devait être livrée en moins de 2 semaines et après 3 semaines aucune nouvelle ....par contre le prélèvement a été bien effectuéce n'est ni correct ni sérieux";"1"
"Benoit Bautheney";"17 sept. 2024";"Avis 4 : 3 mois après // ASSOCIATION CLIENT MECONTENT :  partagez votre experience et vos échanges de mail avec ""Marco"" sur circular.sav.probleme |at| gmx.frNOTE 1 :  Bravo Circular pour votre passage sur 66 minutes en expliquant votre volonté de développement.  Par contre pensez à vous occupez dee vos clients actuels pour commencer.NOTE 2 :  Inutile de me repondre que vous êtes navrés de la situation,  que vous comprenez le mécontentement et queo mon dossier est prioritaire car ca fait 4 mois que vous ne tenez pas vos engagements.--------------------HISTORIQUE :24 juin : contact avec le service client pour remplacement dee ma bague26 juin : validation de la demande et du remplacement et demande de renvoi de la bague qui dysfonctionne2 juillet : demande dee confirmation de la bonne réception de ma bague suite à une notification de la poste2 juillet : confirmation du service client de la réception et de la validation définitive du remplacement8 juillet : message de ma part pour demander quand sera envoyé la nouvelle9 juillet : réponse ""Après vérification, Votre bague sera pamis la prochaine vague de livraison du mi-Juillet.""....24 juillet : toujours rien ni bague ni information. Mais le site indique envoi en moins de 15 jours...26 août : Vous figurez déjà sur notre liste de priorités, et ça ne va pas être long.1 mois de plus et on continue dans l'expérience utilisateur déceptif. Incapable de tenir un engagement.";"1"
"Taybah Atif";"30 juil. 2024";"""Design et égèreté séduisants,mais les fonctionnalités doivent encore s'améliorer. L'intégration avec Google Fit est un plus.""""""";"5"
"Ziggy Zigzag";"30 juil. 2024";""". """"Très satisfait it suivi de  l'oxygène  dans le sang, essentiel pour gérer mon asthme. Mon bien-être s'est nettement amélioré grâce à cette fonctionnalité.""";"5"
"Henson";"28 juil. 2024";"Bague confortable, mais I'application est parfois confus et lente à charger les données.";"5"
"Jones";"28 juil. 2024";"Le mode avion est génial, il stocke plus de 40 jours de données sans synchronisation.";"5"
"Efren";"27 juil. 2024";"Je porte facilement la bague, même pour le style, bravo les gars!";"5"
"Jonathan";"27 juil. 2024";"Les avis ont été toujours mitigés, avec des arguments de vente qui sont très bons, mais dont la réalité est toute autre. J’ai un ami qui lui a la bague de chez Oura depuis 2 ans, et on a voulu comparé, du coup j’ai acheté il y a 1 mois la bague Circular Slim.J’ai été assez déçu de mon expérience, et regrette plus qu’autre chose mon achat que je ne sais pas renvoyer vu que j’ai dépassé les 14 jours de rétractations légales. En résumé :- Une IA intégrée qui se vend comme coach personnel, mais qui ne fait que lire nos informations pour mettre sous forme de texte. Qui plus est, souvent des erreurs de lecture, des conseils qui prennent pas en compte la réalité, ou des conseils ridicules du style « vous avez eu un sommeil agité cette nuit, vous devriez faire de la méditation ». Bah si j’ai eu un sommeil agité c’est parce qu’il faisait 28° dans ma chambre c’est tout …- Mesures surévaluées, là où généralement c’est l’inverse. En étant à mon bureau au travail, je fais 7000 pas sur la journée… Mieux encore, au niveau des calories brûlées, je suis à 2900kcal par jour. Je me demande pourquoi je ne perds pas de poids vu que je mange moins de 2400kcal.- Type d’activité tronqué, considère souvent que je suis en activité sportive et non en zone de stress alors que je suis juste en crise de panique. Quand je fais des siestes de 30 minutes, je suis juste dans une période calme.- Évaluation de la qualité du sommeil subjective. Même quand j’ai passé une bonne nuit malgré le peu d’heure de sommeil, mon score est faible. Si je fais pas au minimum 9h de sommeil comme j’ai indiqué dans mon idéal de vie, mon score est faible …- des conseils par notification sur les bonnes périodes pour faire telle ou telle chose. Honnêtement, autant ne rien dire parce que ça se base sur rien du tout. Me proposer des activités mentales à 22:30, on repassera.- synchronisation des données très lentes. Mais alors, très très lente. En moyenne, j’ai chronométré, avec 2 fois par jour (matin - soir), il faut compter près de 56 secondes.- qualité de fabrication faible. La peinture se dégrade très vite, je vois déjà des griffes après 1 mois.- service client, quand je demande de l’aide, on me répond assez vite. Je comprends pas les avis qui disent le contraire parce que je n’ai jamais eu de souci. En revanche, avec tous les soucis que j’ai eu, j’ai dû être beaucoup trop en contact avec eux et ça a tiré en longueur. Mon chargeur ne fonctionnait plus au bout de 4 jours. Plutôt que de simplement m’en renvoyer un autre, je devais faire des démarches et tests pendant des heures. Au final j’ai payé moi-même la livraison d’un nouveau chargeur qui m’a coûté plus de 30€ avec la livraison dont le prix est exorbitant.Bref, niveau expérience, je suis pas convaincu du tout. Ça donne des bonnes bases, mais ne mérite pas du tout de demander un prix comme celui-ci. Même si elle est moins cher que la concurrence, si j’avais su, j’aurais donné 100€ de plus pour m’assurer de la qualité de celle-ci.";"2"
"Storey";"26 juil. 2024";"Cirkulær ring var fantastisk, jeg er glad for denne ring.";"5"
"Butler";"25 juil. 2024";"Une étoile de plus si vous intégrez Strave, c'est vraiment basique. Je recommande, je I'utilise quasi tous les jours.";"5"
"Johnson";"25 juil. 2024";"Le service client peut être lent, mais le prix et les fonctionnalités sont top. Bonne affaire, j'attends les prochaines  mises à jour.";"5"
"Rolfes";"24 juil. 2024";"Facile à  porter même pour le style, bravo les mecs! j'ai acheté la derniére version récemment et je suis ravi.";"5"
"Matthew";"24 juil. 2024";"J'ai soutenu sur Kickstarter et la premièrè version ètait nulle, mais la nouvelle est impressionnante. IIs ont fait beaucoup de progrès, bravo à Circular!";"5"
"Mandell";"24 juil. 2024";"La bague suit la santé sans probléme et donne des conseils personnalisés via I'application.Trés impressionné!";"5"
"Sophie";"21 juil. 2024";"J'adore les fonctionnalités mais malheureusement après 1 mois et demi d'utilisation la bague s'est arrêtée. Pourtant rien de mystérieux je l'ai juste portée tous les jours dans mon quotidien. Elle s'est également rayée très facilement mais c'est pas tellement le problème pour moi. J'aurais aimé qu'elle dure plus longtemps que ça ! 250€ pour 1 mois c'est léger en termes de qualité produit.";"1"
"Fred yoh";"21 juil. 2024";"J'ai commandé cette bague lorsqu'elle était en vente sur Kickstarter.- La bague a mis 2 ans pour arriver (alors qu'un délai de 6 mois était annoncé).- La synchronisation de la bague avec l'application a beaucoup de mal à se faire, en l'occurrence, les données de sommeil ne remontent que très rarement- Les quelques rares fois ou les données du sommeil s'affichent, les données sont complètement erronées : lorsque je me réveille durant la nuit, la bague ne le détecte pas, et à contrario, lorsque je passe une nuit exceptionnelle, la bague affiche plusieurs éveils.- Plusieurs bugs ont été rapportés au service client, mais aucun retour, et aucune prise en compte de ces bugs- J'ai meme essayé de porter 2 bagues en meme temps sur une nuit, une bague professionnelle reconnue par le corps médical et la bague de Circular, les données sont radicalement différentes sur la très grande majortié des indicateurs (taux d'oxygène dans le sang, fréquence cardiaque...)- Je pense meme que l'équipe de Circular est consciente qu'elle affiche du grand n'importe quoi, c'est pour ça qu'au bout de 2 ans, elle a décidé de supprimer la fonctionnalité d'analyse des différents cycle du sommeil (léger, profond, paradoxal...). Je pense que rien que cette phrase parle d'elle meme, nul besoin de rajouter tous les autres problèmes rencontrés";"1"
"Gérald Pilard";"21 juil. 2024";"Cette bague est inutile. Tres chere pour ce qu'elle propose: resultats incorrects et aleatoires, synchronisation avec l'application tres longues et un jour sur trois environ, la bague n'enregistre/ne transmet pas de donnees du sommeil. L'application donne trop d'informations inutiles pour masquer le manque d'information reelles. La societe Circular n'est pas en France (si vous passez à Paris, allez voir l'addresse indiquée!) et n'est jamais joignable  directement. Cette bague est une arnaque qui vous coutera environ 250€...Vous etes prevenus. Attendez la Samsung Ring";"1"
"Reid";"18 juil. 2024";"Dès le premier jour avec la Circular Ring, j'ai été impressionné par le suivi de mon sommeil et les conseils pratiques. Cela a amélioré de sommeil. Je la recommande vivement!";"5"
"client";"16 juil. 2024";"Ne commandez surtout pas chez Circular : si la bague a le malheur de ne pas convenir à votre doigt, VOUS NE SEREZ PAS REMBOURSÉ ! Cela fait 2 mois que je me bats pour obtenir un remboursement, il n'y a rien à faire. À chaque mail que j'envoie, ils mettent 2 jours à répondre n'importe quoi. C'est une arnaque !";"1"
"Guillaume";"9 juil. 2024";"Entreprise et produit déplorable !La slim ring commandée en novembre 2023 ne fonctionne pas, la synchronisation du produit avec l'application est aléatoire. Malgré les relances intempestives auprès du SAV, les réponses sont toujours les mêmes en disant que le service concerné a été alerté et c'est en cours. Les mêmes réponses sont faites, on a le sentiment d'avoir à faire à un chatbot. On vient de me proposer de renvoyer le produit mais on me demande 20€ de frais de retour.C'est lamentable. A fuir !!!";"1"
"Vincent";"27 juin 2024";"Bague commandée le 15/09/2022 et jamais reçue.Demande de remboursement faite le 04/02/2024.Toujours pas remboursé au 27/06/2024.";"1"
"Oliv";"21 juin 2024";"Commande d'une Ring slim en Novembre 2024 (92157)Bague finalement livrée Mi Avril a fonctionné un petit mois.Premier contact avec le service client le 21 Mai et dernier à ce jour aujourd'hui.La bague ne tenait plus la charge au mieux 4 heures en mode éco et maintenant ne charge plus du toutLe pire est qu'elle déformée à l'intérieur (sans avoir subit de choc je précise) On dirait en fait que la batterie a gonflé en partie supérieure de la bague.Leur service client répond mais il attend un retour du service concerné qui lui ne répond pas, laissant penser que le gonflement pourrait être résolu à distance, je rêve...J'en suis résigné à contacter les services compétents pour obtenir réparation et faire contrôler les agréments, notamment CE car une batterie gonflée après un mois semble dangereuse et difficilement conforme avec les tests de conformité.Je confirme les avis sur la suppression des messages sur les réseaux, tout message négatif est supprimé directement en ayant fait l'expérience lors de l'attente de livraison.";"1"
"Hubert PIETIN";"Actualisé le 21 juin 2024";"La bague a fonctionné une dizaine de jours puis s'est arrêtée.N° CR010310C2415002";"1"
"Arnaud C.";"Actualisé le 27 juin 2024";"J'ai commandé une bague connectée chez Circular le 19/05/2023, au prix de 292,99 euros. Elle devait originellement arriver en juillet 2023. Elle a été envoyée le 22/11/2023 (!), et reçue le 28/11/2023, après que j'aie contacté une première fois le SAV le 10/10/2023. Après 10 jours d'utilisation, la bague ne fonctionnait déjà plus. J'ai donc recontacté le service client le 12/12/2023, qui m'a fait effectuer beaucoup d'opérations, y compris, le 8/03/2024, donc trois mois plus tard, d'attendre 2 à 4 jours de plus et de tenter de redémarrer la bague. Finalement, le 11/03/2024, le SAV a accepté de m'envoyer une bague de remplacement, que j'ai reçue le 15/03. Dommage, la taille n'était pas bonne. J'ai donc renvoyé, à mes frais, la bague en question. Il a été reçu par Circular le 5/04. Le 24/04, le SAV m'a garanti qu'une nouvelle bague allait m'être envoyée. Le 24/05, constatant que le colis n'avait toujours pas été envoyé, j'ai demandé un remboursement, citant les articles L. 217-4 à L. 217-14 du Code de la Consommation, et les sommant de me rembourser sous 14 jours. Le dernier message reçu du SAV date du 11/06, me garantissant que le processus de remboursement était en cours (sans pouvoir apporter de preuve concrète, ainsi que je leur ai demandé). Nous sommes aujourd'hui le 18/06, plus d'un an après mon achat, j'ai pu utiliser la bague pendant 10 jours au total sur cette période, le SAV me semble surtout tout faire pour gagner du temps. Le fil Reddit consacré à Circular et TrustPilot parlent d'eux-même, soit l'entreprise est purement incompétente à tous les niveaux, soit il s'agit très basiquement d'une arnaque.NB: Ces pratiques ont été remontées ce jour à la DGCCRF------Edit suite à la réponse de Circular : J'ai. Exigé. Un. Remboursement.Quant à votre affirmation comme quoi la bague de remplacement est envoyée, comme d'habitude, aucune preuve, juste du blabla (Edit: J'ai effectivement reçu un mail comme quoi mon colis était en route, dommage, je vais devoir ENCORE PAYER POUR LE RENVOYER CHEZ CIRCULAR, PARCE QUE C'EST PAS CE QUE J'AI DEMANDÉ, BANDE DE NOUILLES).Remboursez-moi, pas de négociation. Prochaine étape c'est le conciliateur de justice. Tellement d'efforts pour compenser votre amateurisme...(et oui la bague qui s'est perdue en chemin, bien évidemment, dommage qu'il n'y a pas un seul mail pour prouver vos dires... vous savez ""Fake it til you make it"" au bout d'un moment ça commence à se voir)EDIT 2: Finalement, peu après avoir écrit cet avis, j'ai obtenu mon remboursement. Moralité : Circular ne se bougera pas pour vous sans un avis salé sur TrustPilot.";"1"
"Geoffroy Gledel";"Actualisé le 24 juin 2024";"Je suis tellement déçu par cette entreprise qui pourtant semblait prometteuse dès la plateforme de financement participatif (alors tenue par des français). Je rejoins la plupart des avis précédents. Je suis mené en bateau depuis plus de 2 ans et, croyez le ou non, 126 échanges de mails !!!Méfiez vous vraiment, vous aurez toujours une réponse aux mails envoyés et le seul objectif de ces réponses est de vous faire espérer, de vous faire patienter, et au final... de ne rien faire.J'ai acheté ma bague circular ring le 6 mai 2022, pour ne la recevoir qu'en juin 2023... Pensant ma patience récompensée, la bague n'a pas fonctionné plus de 10 jours, des premières pannes sont apparues dès la première semaine, cela aurait dû me mettre la puce à l'oreille, mais trop content de l'avoir enfin reçue, je me disais que les évolutions de l'app encore en version beta permettraient des améliorations (pas de chargement sur l'app, fonctionnement de la vibration aléatoire, recharge partielle...). Mais très vite, la bague présente des défauts de charge et devient inutilisable. Après de nombreux échanges avec le service client (une trentaine de mails), contacté le 22 juin 2023, ils acceptent un changement de bague. Je leur retourne donc la première bague reçue pour ne recevoir la ""nouvelle"" (qui en réalité une version beta ratée) que le 15 novembre 2023... soit 5 mois après ma demande de remplacement. Comble de l'ironie, la bague est envoyée sans chargeur (chargeur que j'achète donc sur le site, qui lui arrive en quelques jours et, à la décharge de circular, ils me le remboursent en s'excusant pour la gêne occasionnée). Mais après quelques jours d'utilisation, la bague rencontre de nouveaux problèmes, notamment de chargement justement. C'en est trop, après une nouvelle salve d'une trentaine de mails (pour me refaire faire les mêmes tests inutiles et me faire perdre mon temps 2 mois de plus), le remboursement est accepté. Je retourne donc la bague le 10 janvier 2024 (qu'ils mettent près d'un mois à récupérer, c'est moi qui ai dû contacter le service colissimo pour prouver au service client qu'ils l'avaient bien reçue). Ils me font faire une demande de remboursement par Paypal le 21 février 2024, pour me mener en bateau presque toutes les semaines en me promettant le remboursement dans les jours à venir... finalement, la demande de remboursement Paypal est annulée le 6 mai dernier (beau clin d'oeil, l'achat de la bague ayant été fait jour pour jour 2 ans auparavant). Ils me proposent de faire une nouvelle demande en m'assurant un traitement dans la semaine, puis la semaine d'après, puis la semaine d'après, puis la semaine d'après... bref, vous connaissez la suite, cela fait des mois que cela dure...Il est intéressant de constater que sur leur page Facebook, il y a de très nombreux commentaires... non visibles 😉 Ils doivent embaucher des personnes pour simplement supprimer les commentaires négatifs qu'ils reçoivent chaque jour par centaine.Je ne recommande donc absolument pas cette entreprise qui est certes très bonne en marketing et communication, mais absolument pas fiable côté technique, technologie et suivi client.Je vais maintenant laisser la justice prendre la suite, car je suis épuisé par mes nombreuses relances.Bon courage à toutes celles et ceux qui sont dans ma situation.";"1"
"Paul";"Actualisé le 24 juin 2024";"Le lien de suivi de ma commande n'a pratiquement jamais été fonctionnel.J'attends toujours mon remboursement depuis mi Février.Après littéralement plusieurs 10aines d'échanges par mails :- des promesses de remboursement à venir, puis ""en cours""- des demandes de la somme à rembourser sur PayPal annulées- des promesses de remboursement d'ici la 12e semaine de 2024- puis sous 10-15 jours (à plusieurs reprises)- puis ça n'en finit pas, toujours d'autres promesses non tenues, mensonges sur mensongesOfficiellement, le service remboursement est ""toujours en train de process mon remboursement"" plus de 4 MOIS après ma demande !Je me suis donc résilié à envoyer une lettre de mise en demeure avec accusé de réception en espérant que cela fasse bouger les choses.Ce 1 étoile est bien mérité malgré le fait que je ne puisse rien dire sur le produit qui m'attirait tant, c'est bien dommage.Vous qui lisez cet avis, je vous en prie fuyez, allez voir la concurrence !Je ne sais pas s'il s'agit d'un problème de gestion financière ou de quoi que ce soit d'autre, mais il semblerait que Circular se repose sur l'argent non remboursé à ses clients non satisfaits. Ne leur permettez pas de poursuivre leur tromperie.Edit : Après la lettre de mise en demeure et mon commentaire assassin sur Trustpilot, j'ai finalement été remboursé sous 10 jours. Tant de tracas et de soucis inutiles ... J'était pourtant plein d'espoir en achetant la bague ... Merci Circular ...";"1"
"Sanders";"10 juin 2024";"Date de l'expérience:01 juin 2024";"4"
"Hayes";"7 juin 2024";"Content de mon achat jusqu'ici. Pas eu à faire au support pour le moment donc bonne nouvelle.";"4"
"Elise";"5 juin 2024";"J'attends encore et toujours mon remboursement depuis le mois de MARS alors qu'il devait être effectué ""sous 15 jours"" !!Numéro de commande : 192553613208/03/2024 : demande PayPal (procédure circular)19/03/2024 : message de relance #1, réponse du service client « remboursement prévu la 17e semaine de 2024 »14/04/2024 : message de relance#2, réponse du service client « remboursement en cours, prévu pour la semaine du 22 avril 2024 »26/04/2024 : message de relance #3, réponse du service client « remboursement sera effectué dans les 15 jours ouvrables »14/05/2024 : message de relance #4, réponse du service client « remboursement d’ici la fin du mois »28/05/2024 : Nouvel demande PayPal parce que je découvre que la premiere a été annulé !28/05/2024 : message de relance #5, réponse du service client « Your case has been escalated to our financial team for urgent attention. We are actively working to resolve this issue as quickly as possible and will provide you with an update as soon as we have more information. »02/06/2024 : message de relance #6, réponse du service client « Je constate que votre remboursement est en cours de traitement et j'ai repris contact avec le service concerné afin de m'assurer que cela se fasse dans les meilleurs délais. »J'envoie des rappels paypal et toujours rien ! Cela fait 3 mois que je patiente et quand je fais un Nième message de relance, on me répond «  nous tâchons de compléter les remboursement ce mois, nous vous invitons juste à patienter un peu »De qui se moque t-on ? On parle d'une somme conséquente et je me fais balader sans cesse depuis des mois.J'attends que vous trouviez une solution sans délai pour effectuer ce remboursement. Merci.";"1"
"Pena";"5 juin 2024";"Très bien.......";"5"
"Alnima";"3 juin 2024";"La bague reste peu confortable, la batterie ne tient pas plus de 2 jours, c'est bien plus court qu'annoncé. Les données ne sont pas facile à comprendre un meilleur guide serait très utile. Après quelques jours d'utilisation des marques sont visibles sur la bague.";"3"
"Baldwin";"29 mai 2024";"Surface de la bague se raye facilement. Malgré  ça, c'est un bon choix pour ceux qui cherchent à suivre leux santé de manière  discrète. Honnêtement, I'app est plupart des autre, par example celle de fitbit est bien infériure en terme de quantité de données!";"5"
"Coldiron";"26 mai 2024";"J'ai acheté le Circular Ring Slim en mars 2024, et je I'ai recue  à peu près 2 mois aprés ( un peu long ) mais je suis globalement satisfait.";"4"
"Cullin";"24 mai 2024";"Un excellent choix pour ceux qui cherchent à suivre leur santé de maniere discréte et efficace.";"4"
"Sebastien P";"24 mai 2024";"J'ai commandé ma bague le 28/11/22, on me promettait un envoi au bout de 2 ou 3 mois. L'envoi a eu lieu 6 mois plus tard. Manque de chance, j'ai changé d'adresse entre temps. J'ai donc signalé auprès de Circular, qui prend bien en compte l'information et annule l'envoi et m'assure d'envoyer à la nouvelle adresse.Silence radio pendant 6 nouveaux mois, je préfère donc demander l'annulation de ma commande. Ma demande est bien prise en compte, et on me promet de me rembourser plusieurs mois plus tard en me proposant une date ""ferme et fixe"" à laquelle Circular s'engage.Cette fameuse date arrive, aucun remboursement. Je relance deux semaines plus tard, laissant un temps à l'entreprise, au cas où certains problèmes subsistent, toujours pas de remboursement mais un message d'excuse.Je relance alors une dernière fois, le 18 mai 2024, cette fois en mettant en demeure l'entreprise de me rembourser avec un délai d'une semaine, mais rien non plus...Résultat, j'attends toujours le remboursement. J'ai remarqué qu'en passant par TrustPilot, certains mécontents ont eu résultat de cause, alors je tente ici : veuillez me rembourser !";"1"
"Casas Lantz";"17 mai 2024";"A noter que j'ai eu un retard de livraison de un mois; sinon top et made in France. Je sais a quel point ca peut ca peut etre complique pour avoir travaille la dedans.. on soutient!!";"5"
"Yann";"17 mai 2024";"le service client a été à l'écoute et a su me faire une offre très intéressante";"5"
"Pat";"16 mai 2024";"Pour faire suite à mon ""avis moins que pas sérieux"" puisqu'il semble qu'il n'y ait que par Trustpilot qu'il soit possible d'avoir un contact, je suis au regret de vous dire que c'est Mon mail du 18/04 qui pour le moment est sans réponse de la part de circular. Le message automatique envoyé par l'IA n'attendant aucune réponse.";"1"
"Vincent";"Actualisé le 24 juin 2024";"La bague est très bien, elle est très fineLes fonctionnalités sont très importantesL’assistant personnel est un vrai plusLe faite que l’application ne soit pas payante, par rapport aux concurrents, est également un point importantElle est WaterproofSeul, les délais de livraison qui sont très long, sont un bémol à cet achat dont je suis très content.MAJ du 24/06/2024 : la bague rencontre de très gros souci de connexion bluetooth et reste inaccessible pendant 1 à 2j. Même si le service client est rapide à répondre le problème n'est toujours pas résolu et je commence a perdre patience. Qui plus est l'autonomie est trop juste, 1 à 2j maxi.Je passe a une autre marque, un concurrent, certes un peu plus cher mais plus fonctionnel.";"2"
"Nicolas Rousseau";"Actualisé le 16 mai 2024";"je n'ai tjs pas reçu ma bague circular, commandée il y a plus d'un mois";"4"
"Planetbleue";"14 mai 2024";"La période d’étalonnage est supérieur à 14jrs comme indiqué initialement et on doit lancé manuellement le conseil. Je doute également des résultats de mon sommeil profond 5% en moyenne et moins que mon Apple Watch, donc bof pas vraiment convaincu";"3"
"Caroline Moireaux";"Actualisé le 14 mai 2024";"J'ai acheté la bague slim, au moment de l'achat il était indiqué un délais de 15jours,  j'ai reçue la bague plus de trois mois après puis au bout de meme pas 2 mois elle ne fonctionne plus du tout et cela fait plus d'un mois que j'essaie d'avoir le support technique pour résoudre le problème et bien a chaque fois il faut attendre 2H minimum pour avoir une réponse banal qui nous dit faire ceci ou cela comme indiqué dans la doc je que j'avais déjà fait et dit bref a ce jour j'attends le contact du support qui ne répond toujours pas, j'imagine qu'ils sont débordé car je doute etre la seule avec une bague qui ne fonctionne pas!!!Suite à la réponse : cela fait 1 mois que j'ai donné toute les infos, on m'a meme fait installer une app supplémentaire sur mon téléphone. je laisse juste ici un avis et je suis surprise de voir à la vitesse a laquelle vous répondez alors que cela fait 3h que j'ai rerererere envoyé un message sur le chat bot de votre site et que je n'ai pas encore de réponse!!";"1"
"Javier";"14 mai 2024";"Date de l'expérience:08 mai 2024";"5"
"Noémie";"12 mai 2024";"Reçu deux mois après achat. Fonctionne très bien";"4"
"Lee Moon";"10 mai 2024";"je recommande, je I'utilise quasi tous les jours";"5"
"Lost";"8 mai 2024";"Je n’ai pas acheter de produit, mais je trouve moyen d’appeler les “clients” qui ont mis une bague dans leur panier sans avoir effectuer le paiement (appel avec un 07) juste pour savoir le pourquoi du comment.";"1"
"Yann Nadjar";"8 mai 2024";"Service client inexistant et la bague slim ne fonctionne plus au bout de 20 jours.Je déconseille vivement cette achat.J’ai essayé de la remplacer. Le service client me repond que le service technique va étudier ma demande. Cela fait deux mois.";"1"
"Steven";"6 mai 2024";"Je porte facilement la bague, meme pour le style haha. Bravo les mecs, achetè bien après votre passage a qvema,j'ai achete la dernière version que recomment par conte";"5"
"Karan Patel";"3 mai 2024";"Enfin un concurrent Français, je soutiens !!";"5"
"Hollis";"2 mai 2024";"Elle gagnerait à etre plus precise sur I'activite physique mais sinon top";"4"
"Umai Ellie";"1 mai 2024";"J'ai acheté la Circular Ring Slim pour deux raisons principales : le suivi du sommeil et le fait que ce soit une boite française.C'est tout simplement la pire expérience d'objets high tech que j'ai eu jusqu'à présent. Déjà, les délais de livraison sont monstrueux et dès la réception, j'ai été déçue car la bague a des aspérités et défauts de fabrication. C'est moche pour un objet qui est censé être porté comme un bijou. On voit même des traces de colle au niveau du capteur, je me demande comment ça peut fonctionner correctement avec ces traces d'ailleurs...Ensuite, après seulement 3 jours elle ne fonctionnait déjà plus (elle ne vibrait plus et ne voulait plus se connecter à l'app). J'ai contacté le service client et là surprise on me répond en anglais... Super, je choisis une boite française et le service client ne réponds pas dans ma langue. Heureusement que je parle anglais. Les échanges ont été interminables à vouloir me faire faire des manipulations qui ne fonctionnaient pas (je sais lire une FAQ...) Pour finalement me dire que le problème est plus technique et sera remonté plus haut. En parallèle, j'ai laissé la bague se décharger complètement et j'ai supprimé mon compte et recréé un nouveau et là par magie, ça a refonctionné.Sauf qu'en réalité les données remontées par la bague sont totalement fausses. ça ne correspond pas du tout à ce que mon Apple Watch remonte et pour le sommeil, raison principale de l'achat, c'est n'importe quoi. Je fais des insomnies et je me réveille souvent au milieu de la nuit pendant plusieurs heures. La bague, elle, me dit que je dormais à ce moment là.Je suis extrêmement déçue, moi qui voulait donner une chance à une marque Française, j'aurais mieux fait de prendre une Oura Ring.Ayant la bague depuis moins de 2 semaines, je vais demander un remboursement mais au vu des différents commentaires, je n'y crois pas trop. C'est vraiment honteux.";"1"
"Terry Coen";"29 avr. 2024";"Un concentre de technologie au doigt L'appli est top aussi.";"5"
"Jayne Fortimer";"27 avr. 2024";"Date de l'expérience:20 avril 2024";"4"
"Hawkin";"26 avr. 2024";"J'ai pris la Circular Ring Slim.Design sympa, suivi sante fait le boulot.";"5"
"Jean-marc Curchod";"17 avr. 2024";"La bague fonctionne partiellement pendant quelques jours et ensuite plus vous faites de nouvelles versions du software et moins elle marche jusqu'à ne plus fonctionner du tout. Je vous ai écrit 15 fois et chaque fois vous me demandez de faire des choses qui n'ont aucun effet. Si la bague n'est pas à remettre en question alors c'est le software et dans un tel cas rien ne marche. Personne est capable de me dire ce qui ne marche pas et le temps passe sans une réaction professionnelle. .. Et votre garantie à quoi sert-elle???";"1"
"LE GAL CARINE";"16 avr. 2024";"Je viens de lire les différents avis et je vois que les problèmes remontées sont toujours plus ou moins les mêmes que ceux que je rencontre. Je suis déçue par ce produit c'est vrai. Je l'ai eu début 2024, le 13 éme jour de calibrage impossible de la synchroniser. Elle ne vibrait plus. Bref, 5 jours pour qu'elle soit de nouveau operationnelle , avec des données complétement farfelues du coup (Néanmoins pendant ce laps de temps le service client à toujours répondu, je n'ai rien à reprocher de ce côté là). moins de trois semaines après re-belote. Et depuis eh bien c'est tous les jours la surprise : parfois elle ne synchronise aucune données, les horaires de sommeil sont effectivemment souvent fausses, donc inutiles. Les graphiques ne sont pas vraiment parlant J'aime bien par contre la fonction reveil avec la vibration. A noter aussi qu'en mode performance il faut la recharger tous les jours. La mienne est déjà considérablement rayée (et je bosses derrière un écran).J'ai choisi cette bague parce que française, mais je pense que le produit n'est pas abouti... au final je pense que je ne l'utiliserais plus très longtemps, c'est finalement devenu une contraire et une source de frustration supplementaire dans ma vie. Dommage";"2"
"Zakié";"3 avr. 2024";"Bague satisfaisante. Je suis impressionnée par le nombre de fonctionnalités que cette bague nous offre. Le reveil par vibration, les analyses de  sommeil est les différents conseils de Kira sont très utiles.";"5"
"Teddy F.";"2 avr. 2024";"Avec la Slim, c'est tout simplement génial ! 💫 Vous savez ce qui m'a vraiment impressionné ? Sa fonction de vibration. Elle est parfaite pour me réveiller en douceur le matin, sans l'agression d'une alarme bruyante. Et quand je médite pour gérer mon stress, elle m'envoie de légères vibrations apaisantes qui m'aident à me concentrer et gérer ma respiration. C'est incroyable de voir à quel point une simple sensation peut transformer ma journée.Et avec l'assistant Kira+ intégrée, Circular Ring Slime utilise des recommandations d'intelligence artificielle pour analyser mes métriques et me fournir des conseils personnalisés. Que ce soit pour améliorer mon sommeil, augmenter mon niveau d'activité ou réduire mon stress, les conseils de Kira+ sont toujours pertinents et adaptés à mes besoins spécifiques. C'est comme avoir un coach personnel à portée de main, qui me guide vers un mode de vie plus sain et équilibré. Avec la Circular Slim et Kira+, je me sens vraiment connecté à ma santé d'une manière nouvelle et innovante. C'est bien plus qu'une simple bague, c'est une véritable source de bien-être au quotidien. 🔔💖";"5"
"Pascal JOUBERT";"Actualisé le 2 avr. 2024";"J'attends le remboursement de ma bague défectueuse depuis février 2024... toujours des réponses standardisées (navré... désolé... je comprends... nous faisons le maximum... bug technique.... service financier...). On en reste à un non respect délibéré des engagements écrits.Et parallèlement, depuis début mars, je demande délibérément les coordonnées du médiateur de la consommation dont dépend l'entreprise... ce renseignement pourtant obligatoire ne figure ni sur le site de Circular, ni sur les CGV, ni sur les bons de commande... et je n'ai toujours aucune réponse malgré les demandes répétées...2ème violation délibérée des lois régissant le commerce électronique.";"1"
"Carlos f";"31 mars 2024";"Très satisfait de la bague, je recommande pour un usage quotidien";"5"
"Dune";"31 mars 2024";"Date de l'expérience:31 mars 2024";"5"
"Pierre Mtlrd";"30 mars 2024";"Utilisation circular slim depuis 3 mois environ.- La bague se raye facilement (je n'ai pourtant pas un métier manuel) et comme elle n'est pas teintée dans la masse, c'est moche et très visible.- Les soirées télé sont détectées comme du sommeil, et faussent complètement les résultats.- Les données biométriques semblent souvent farfelues.- L'infrastructure réseau est déplorable du côté de circular, avec des latences énormes et des pannes à répétitions avec perte de données.- Quand la bague est quasi déchargée (<10%), elle passe en mode ""mort"" et c'est la croix et la bannière pour la réveiller : compter une journée de perdue et beaucoup d'efforts pour arriver à la réveiller.- L'autonomie est < 48h en mode performance, mode obligatoire si l'on veut surveiller son sommeil, et la recharge prends plutôt 2h30 que les 45 minutes comme annoncées.- Bien que l'application soit en français, tous les mails sont en anglais, ce qui peut gêner beaucoup de personnes. Pourquoi ne pas adapter la langue à chaque profil utilisateur ?Je m'arrête là pour les griefs, je regrette d'avoir dépensé de l'argent pour ça, et réfléchis à passer à la concurrence..";"1"
"Pierre-Edouard Allary";"29 mars 2024";"18 mois entre le paiement et la livraison, application déficiente (scores calculés très épisodiquement), support me donnant des aides farfelues et inutiles depuis deux mois, le bilan de mon expérience est sérieusement décevant. Ça va peut être s'améliorer, mais pour l'instant j'ai juste une bague moche, inutile et chère.";"1"
"N. DUBREUIL";"29 mars 2024";"J’apprécie vraiment de porter cette bague au quotidien. Il y a parfois quelques petits bugs mais bien vite résolus.";"4"
"Yassine";"28 mars 2024";"Je viens de recevoir ma bague, c'est au top pour l'instant ! Hâte de voir l'arrivée de nouvelles fonctionnalités ✅";"5"
"Paul";"28 mars 2024";"Excellent et interactif";"5"
"Alex";"28 mars 2024";"Une bague unique en son genre !La bague circular est unique et fonctionne bien, je suis mon sommeil et mes nuits grâce à elle et les conseils prodigués par Kira sont très intéressants !";"5"
"Benjamin Ovtcharenko";"Actualisé le 28 mars 2024";"A éviter !A la suite de ma commande qui a mis plus de 3 mois a arriver alors que le site indiqué en stock, j'ai reçu ma bague enfin, je la mets et la trouve un peu serré... Après 3 jours d'utilisation et 2 recharges (la tenue de la batterie est vraiment bien en dessous des valeurs indiquées sur le site) alors peut être du fait qu'elle soit obligatoirement en mode perf pendant 14 jours, je me rends compte qu'il y a un 10 a l'intérieur de la bague, alors que la boîte indiqué bien la taille commande soit la taille 11.J'ai donc contacte le service client qui m'a répondu le message ci dessous :Bonjour Benjamin,Merci de nous avoir envoyé ces photos.Je suis terriblement navré de cette erreur.Si la taille de votre bague ne correspond pas, vous avez deux options.Première option : Si la bague est vraiment neuve et sans rayures, nous pouvons la changer gratuitement, vous n'aurez qu'à payer les frais de retour et de nouvel envoi. Nous vous demanderons des photos de la bague et attendrons de les recevoir avant de vous envoyer une autre taille. Vous voulez faire comme ça ?Deuxième option : si la bague est rayée et n'est pas neuve, nous pouvons vous accorder une remise importante pour en acheter une autre, et vous pouvez offrir votre ancienne bague à quelqu'un ou la recycler comme n'importe quel produit électronique.N'hésitez pas à nous faire savoir quelle option vous convient le mieux.------------Honteux !!Pour information oui la bague est fortement marquée, rayée  même après seulement 3 jours d'une utilisation normale, et je suis informaticien et pas mécanicien !!Sans réponse positive soit du remboursement soit d'un échange par la bonne taille gratuitement je porterai plainte par voix d'avocat (je n'hésiterai pas à payer un avocat pour ne pas me laisser faire par ces pratiques commerciales honteuse)- REPONSE A VOTRE REPONSE :SI VOUS NE VOUS ETIEZ PAS TROMPE DANS VOTRE EMBALLAGE ET DANS VOTRE ENVOI JE N'EN SERAI PAS LAVOUS ETES DES VOLEURSJE NE SUIS PAS RESPONSABLE DE VOS PROBLEMES D'ENVOIComment je suis censé savoir que votre emballage ne corresponds pas a votre produitJe vais de suite porter plainte, je prefere payer 1500 Euros d'avocats plutot que de vous laisser gagner sur ce conflt";"1"
"Berny";"27 mars 2024";"Bonjour,A part les problèmes récurrents concernant les remontées d’information de la bague à l’application, il serrait souhaitable de pouvoir modifier manuellement les heures du coucher. En effet, en cas d’inactivité du soir [devant une émission de tv] la bague passe en mode de sommeil, ce qui donne au matin de fausses informations de notre nuit.Excellente fin d’après-midi.";"2"
"Carl";"27 mars 2024";"Une version slim qui fait clairement la différence, fiable et discrète.Niveau software : les phases de sommeil ne sont pas toujours bien détectées (surtout pour l'éveil).En attente d'une synchronisation des données en background.Produit en constante progression qui reste bien au-delà du niveau de ses concurrents.";"4"
"Client";"27 mars 2024";"Bague connectée très utile pour une utilisation quotidienne et notamment pour mes entrainements sportifs. Suivi fiable et de qualité. Discrète et esthétique.";"5"
"Yoyo";"Actualisé le 14 mai 2025";"A FUIR!!! Mise à jour 14/05/2025: Bague renvoyée en Décembre dernier, après 1an de bataille avec le service client (mail...) à ce jour aucun retour, ni remboursement, malgrés mes relances.Mise à jour du 7 juin 2024: ==> #S-92183Echange de mail sur échange de mails... Et ""le service technique vérifie votre bague"", on ""revient vers vous des que c'est fait"", ""merci de faire cette manipulation"", merci de faire ceci, merci de faire celaetc... etc...CA FAIT plus de 2 MOIS !!! La bague a marché 4j !!!remboursez moi !!Prochain message, je poste ici tous les échanges mails avec votre service client qui me dit qu'il attend le retour de votre service technique! Vous ne pourrez ainsi pas nier, et les clients seront informés de votre maniere de faire.Plus de 40 mails échangés avec votre service client. Qui n'a de cesse de ma dire que le service technique va bientôt répondre...Il n'y a rien de compliqué: la bague a fonctionné 4j, vous me donnez un bon de retour, et vous me remboursez la totalité de la somme payée pour l'achat de cette bague.Hello,Même avis que tous les autres commentaires.Bagues reçue il y a 4j, après des mois d'attente avec une date de livraison repoussée de mois en mois...Je voulais absolument une bague connectée et Circular Ring Slim semblait la bague la plus aboutit. Et Circular une société fiable.Quelle erreur ! Ring Slim HS 4j après l'avoir reçue.Contact par mail service client hier, réponse d'une IA sans intérêt.Je rempli le formulaire sur leur site, une cata, ca demande nom, prénom, commande, numéro du code bar sur la boite, je rempli le tout, valide et la j'ai des ""erreurs"" en gros il faut un ""@"" dans tous les champs ... Donc obligé de mettre mon mail dans le champs ""numéro de commande"", dans le champs ""nom/prénom"" et idem dans le champ SNU/QR code.  Je ne sais meme pas si mon message est parvenue au service client.Rien ne va sur leur site.On peut voir ""bague étanche IPX8"" sur leur site (dans la FAQ), et IPX7 dans un mail reçu du 22mars.Autre point, la bague est garantie 1an. Comment est ce possible puisque la garantie légale en France est de 2ans?Adresse de la société dans les mails reçus: 34 avenue des Champs Elysées, 75008 Paris => on peut voir sur le site pappers.fr que cet établissement secondaire est fermé depuis le 03/11/2023 car déménagement, et que la société est maintenant au 78 AV DES CHAMPS ELYSEES75008 PARIS 8 (à jour sur leur site).Bref, on pourrait dire que c'est des détails, mais il y a une foultitude de détails de ce type, qui ne font absolument pas sérieux pour une société ""Francaise"" de cette taille...J'espéré être totalement remboursé, de ma bague HS, qui n'a jamais vraiment fonctionnée (vibre quand elle le veut, ajout de prise de médicament dans l'appli, mais rien ne se sauvegarde, connexion bluetooth fonctionnant 1 coup sur 2, et j'en oubli surement.) mais au vu des expériences de chacun, j'ai des doutes.Affaire à suivre! Je ne manquerai pas de mettre à jour mon commentaire en fonction de la réaction du service client. Je laisse donc mon numéro de commande ici.";"1"
"ANISSA";"27 mars 2024";"Date de l'expérience:08 mars 2024";"5"
"Dorian";"27 mars 2024";"Je recommande les bagues circular à 100% !";"5"
"Ruben";"27 mars 2024";"Je laisse rarement des commentaires sur les produits que j'achète, mais pour le coup, je suis vraiment fan de ce produit ! Circular est tout simplement génial ! Non seulement il me permet de suivre la qualité de mon sommeil pour l'améliorer, mais il fait tellement plus que ça, d'autant plus que le côté discret le rend beaucoup plus pratique qu'une montre ou un bracelet ayant les mêmes fonctions par exemple, et que je trouve en général un peu encombrants. Je ne réalise même plus à quel point je l'utilise.";"5"
"Theo";"26 mars 2024";"J’ai acheté cette bague afin de suivre mon bien être au quotidien. Ça fait un peu plus d’un mois que je la teste et pour l’instant je ne suis pas déçu!D’une part je trouve la bague très fine, c’est un avantage de taille, je ne voulais pas sentir une montre constamment à mon poignet de jour comme de nuit et j’ai donc trouvé cette alternative qui est top. Circular possède une application très complète: il y a beaucoup de fonctionnalités comme pouvoir se faire réveiller doucement grace aux vibrations et améliorer son cycle de sommeil grâce à un suivi quotidien d’information spécifique que la bague fournit.Je recommande vraiment pour ceux qui cherchent à améliorer leur bien être au quotidien.";"5"
"Tchammas";"26 mars 2024";"J’ai commandé cette bague , j’ai reçu a temp et je suis très satisfait ,  un des meilleurs achats que j’ai fait";"5"
"Max";"26 mars 2024";"C’est une bague qui est bien désignée mais aussi de haute technologie et très satisfaisante pour les mesures sommeil, cardiaques, spo2J’adore le coaching sommeilLa vague est très légère et confortable.";"5"
"Lucie";"26 mars 2024";"Bague très légère et esthétique. Etant sportive, il est important pour moi de suivre les données que l'application de Circular le propose. Je suis satisfaite du mon achat!";"5"
"Nadjib";"26 mars 2024";"Très surpris par la bague que je n'imaginais pas etre aussi précise. Elle m'a fourni des informations détaillées sur mon activité et particulièrement au sport et dans mon sommeil. Les conseils de l'application m'ont permis d'améliorer mon sommeil et ma récupération. Plus jolie et aussi précise que ma montre connectée je ne m'en sépare plus.";"5"
"Zak";"26 mars 2024";"Excellent produit ! Une bague pratique pour le monitoring santé/sport avec un design élégant et minimaliste !";"5"
"Martin";"26 mars 2024";"Circular m’a beaucoup aidé sur mes cycles du sommeil et énormément d’autres éléments liés comme mon énergie globale.";"5"
"Angèle";"25 mars 2024";"Le réveil par vibration. Une bague légère et pratique avec des fonctionnalités utiles. Je suis très satisfaite de l’avoir.";"5"
"Lolo";"25 mars 2024";"Très satisfait de mon produit il correspond tout à fait à ce que j'attendais";"5"
"Xueming";"25 mars 2024";"C'est pratique et cool, bonne bague et  bon app ！";"5"
"RAN LIU";"25 mars 2024";"Ça marche bien pour moi, j'utilise tous les jours même s'il y a des petits soucis d'application. Super ring.";"4"
"Mahamady Samoura";"25 mars 2024";"Acheté en 2023 fonctionne correctement depuis plusieurs mois maintenant";"5"
"Fa�za Bouba";"25 mars 2024";"Devenue indispensable";"5"
"Nicolas";"25 mars 2024";"Superbe bague, j'arrive à bien voir mes informations !Le support est top, très réactif :D";"5"
"Guillaume.M";"24 mars 2024";"J'ai récemment eu l'occasion d'acheter cette bague connectée et je dois dire que je suis très impressionné par ses fonctionnalités et son design ! La bague est vraiment sympa et discrète, ce qui la rend parfaite pour un usage quotidien.J'apprécie particulièrement les fonctionnalités qu'elle offre. Je l’utilise notamment pour analyser mon activité physique au repos ou lors de mes entraînements sportifs (c.a.d : analyse de mon rythme cardiaque, calcul de mon VO2 max,..). De plus, Kira me donne de nombreuses recommendations. Enfin, j’aime beaucoup la fonctionnalité de réveil inteligent, je me réveille tous les matin en forme et plein d’énergie!En résumé, je suis très satisfait de cette bague connectée et je la recommande vivement à quiconque recherche un accessoire à la fois élégant et fonctionnel pour rester connecté au quotidien et améliorer sa qualité de vie.";"5"
"christine";"24 mars 2024";"Magnifique expérience car étant une femme j’apprécie son design, sa finesse et sa légèreté et étant sportive elle correspond parfaitement à mes attentes de calculs des distances parcourues et des calories dépensées. Côté sommeil, j’apprécie énormément « le réveil intelligent » fonction qui me permet d’être réveillée dans une zone de sommeil léger… innovant et fiable en ce qui me concerne. Belle découverte et il me reste encore pas mal de données collectées à étudier…";"5"
"Jean";"24 mars 2024";"J'ai reçu ma bague depuis 6 mois. Je suis content de l'avoir et plutôt satisfait de ses fonctionnalités.";"4"
"Pam";"24 mars 2024";"La bague et excellente…je la recommande fortement!!";"5"
"Marie";"24 mars 2024";"Je suis très satisfaite de ma bague circular. La livraison a eu lieu rapidement et l’utilisation de l’application est très intuitive. J’ai acheté la bague pour améliorer mon sommeil et après 1 semaine d’utilisation je constate déjà des améliorations.";"5"
"Charles";"24 mars 2024";"La bague remplie bien ses fonctions, j'en suis très satisfait, je recommande";"5"
"Benoît";"24 mars 2024";"Tous les matins, je consulte mon score de sommeil et cela m’incite à faire attention pour la journée et la nuit suivante";"5"
"Geneviève Mace";"24 mars 2024";"Ensorcelante avec ses pierres de lune et d'étoiles, cette bague m'a fait oublier tous mes soucis.";"5"
"Elias Psallis";"24 mars 2024";"Circular permet de monitorer le cycle de sommeil et suivre l'évolution de la santé.";"5"
"Maxime.F";"23 mars 2024";"Parfait de la commande à l’utilisation du produit ! Je cherchais une bague avec ces fonctionnalités depuis un moment, je l’ai enfin trouvée.";"5"
"Naya Rastel";"23 mars 2024";"Ce produit est super, il me permet de garder un suivi régulier de ma santé, en plus d’être facile à utiliser.";"5"
"Salma Sires";"23 mars 2024";"Objet pratique et qui fournit des informations détaillées. je recommande";"5"
"Olivier Rastel";"23 mars 2024";"Facile à utiliser et donne beaucoup d’informations";"5"
"Mrs Claudine Roussel";"22 mars 2024";"Super produitFonctionnalités topFacile à utiliserDesign sympa";"5"
"Thomas";"22 mars 2024";"J'ai recu la slim il y a 4 mois. La vibration est cool mais la synchronisation est assez longue. A voir dans les prochains mois suite à mes différents tests d'utilisation.";"4"
"Jean-christophe Ollier";"22 mars 2024";"Excellent produit! Service client au Top!!!";"5"
"Massimo Piemonte";"22 mars 2024";"L'attente de la bague a été un cauchemar, j'ai accepté l'envoi (que vous avez fait sans mon accord) uniquement parce que vous m'aviez dit que je devais attendre 16 semaines pour le remboursement, et je n'étais pas sûr que vous ayez l'argent pour me rembourser. La seule chose que fait la bague, mais pas de manière très fiable, c'est détecter le sommeil, cependant les valeurs sont très différentes de celles de mon Garmin. La fréquence cardiaque est totalement aléatoire, lors d'une ""vérification des mesures en direct"", elle affiche toujours plus ou moins les mêmes valeurs, peu importe si je m'entraîne ou si je fais une sieste sur le canapé. Jamais en dessous de 50, jamais au dessus de 90. J'ai eu plusieurs problèmes d'appairage, et il y a une semaine (4 semaines après l'avoir reçue) la bague est morte. Désolé d'être si négatif, mais cela pourrait-il être pire ?";"1"
"Thomas Rolin";"22 mars 2024";"Les bagues, pas encore au point...Comme ses concurrents, les bagues Circular, que j'ai depuis 3 mois, manque de précision. En plus , le temps de chargement des données, que je fais le matin, prend des plombes.L'IA Kira est pour moi presque inutile, c'est presque tous les jours les mêmes retours avec l'analyse peu approfondie.";"3"
"Sab merca";"22 mars 2024";"La bague à souvent des beug, pas agréable à porter il y a des parties abrasives et un bout de plastique s est cassé et donc il y a un trou. Donc vous pouvez comprendre que pour moi la qualité de cette bague n est pas à la hauteur de son prix et je vous parle pas du délais de livraison 18 mois...bref très déçue. J essaierai la bague samsung pour voir.";"2"
"Christophe Dalla Valle";"22 mars 2024";"triste experience => ma bague est défectueuse  (deja renvoyée et des mois d'attente ) et de nouveau problèmeème de buetooh et les mois passent et rien ne bouge ....";"1"
"Melodie";"22 mars 2024";"Super produit ! La bague slim que j’ai commandé est vraiment bien, elle ne me gène pas du tout je la porte facilement la nuit";"4"
"sas.renard";"Actualisé le 25 mars 2024";"J'attends le remboursement (partiel) de ma bague défectueuse depuis le 06/02 (J14 d'un retour colis pourtant acté le 23/01)... toujours des réponses standardisées (navré... désolé... je comprends... nous faisons le maximum... bug technique.... service financier...). On en reste à un non respect délibéré des engagements écrits.Et parallèlement, depuis le 05/01, je demande délibérément les coordonnées du médiateur de la consommation dont dépend l'entreprise... ce renseignement pourtant obligatoire ne figure ni sur le site de Circular, ni sur les CGV, ni sur les bons de commande... et je n'ai toujours aucune réponse malgré les demandes répétées...2ème violation délibérée des lois régissant le commerce électronique.Le service client ne me répond plus...(pour la réponse, Corcular, pas la peine d'en publier une nouvelle type nous sommes désolés, nous faisons le max, merci de contacter le service client, ou nous n'avons pas vos coordonnées... lmon numéro de commande est le 2112680573).Suite réponse CircularOui, je confirme le remboursement… après avoir posté cet avis. Un hasard sans aucun doute.";"1"
"Aurmilya";"20 mars 2024";"Beaucoup d'attente avant d'enfin recevoir la bague dû aux différentes problématiques de l'entreprise à fabriquer les différents composants, mais le service client est très réactif et donne des infos à jour quand contacté.La bague fonctionne très bien, je l'utilise depuis plusieurs mois et j'en suis satisfaite.";"4"
"charlotte arnould";"Actualisé le 1 avr. 2024";"Cest pas vrai peut-être il y à til quelqu'un finalement. 3eme commentaires et le numéro de commande n'était pas affiché sur le 1er seulement.  Oui il sagit de mon mari qui peine à vous joindre donc je me suis dis que en donnant un avis ....Je nai pas mis son nom car nous sommes sur internet merci de lavoir inscrit vous cest pro.N'hésitez pas à prendre contact avec lui avec le mail de sa commande. Ou remboursé le cest mieux on ira chez Samsung.Bon, d'après votre réponse il s'agit bien là de l'IA puisque le numéro de commande est indiqué ci dessous.Commandé depuis novembre (en stock a ce moment là)... dans l'attente de réception pour vite la renvoyer et me faire rembourser. Sans même l'essayer. Ils ont bafoués le made in FranceRespectez vos clients et repondez. Votre chat IA est insupportable. Commande de mon mari (je ne mets pas son nom ici ) commande numéro : S92149 du 24 Novembre 23.J'invite les personnes humaines à me répondre.pappers entreprise circular-850542804Bague reçue. Chargeur cadeau proposé  en guise de geste commercial pour l'attente de (4mois) mais oublié dans le colis visiblement.Sinon gadget plutôt intéressant et l'application est bien faite.";"1"
"Marc Poub";"14 mars 2024";"J'ai bien reçu le kit de sizing et ma bague est bien à ma taille, c'est pas mal, pour l'instant Ràs !";"5"
"Maxime";"14 mars 2024";"Très content du produit, c’est ce que j’attendais même si le chargeur pourrais être un peu plus pratique :) merci!";"4"
"Fatma Hamza";"12 mars 2024";"Bague de bonne qualité et reçue dans les temps. Je recommande.";"4"
"Leboncoin COPAGABEN";"Actualisé le 19 févr. 2024";"(cf échanges précédents 05/02 et 12/02)Selon la directive européenne sur les droits des consommateurs (2011/83/UE), lorsqu'un consommateur achète un produit en ligne, il dispose d'un droit de rétractation de 14 jours à compter de la réception du produit. Ce droit lui permet de renvoyer le produit sans avoir à justifier de motifs ni à payer de pénalités. Ce que j’ai fait.Le 19/01, j’ai donc reçu un mail de confirmation de Circular : le colis était réceptionné, et je serai remboursé dans les 14 jours. C’est écrit.Sauf que mon dossier a beau être « traité », Circular ne se conforme pas du tout à ses obligations légales. Car une fois le produit retourné, l'article 13 de la même directive indique que le vendeur est tenu de rembourser tous les paiements reçus du consommateur, y compris les frais de livraison standard, sans retard excessif et, en tout état de cause, au plus tard 14 jours à compter du jour où il est informé de la décision du consommateur de se rétracter.Et à ce jour, 13/02, je n’ai toujours rien.Et Circular a beau argumenter hier que « traité ne veut pas dire que l'on a toujours ce que l'on souhaite, car il y a des règles et des pratiques précises à suivre » (bon courage... c’est le comble...), rien ne les dédouane de se conformer à la Loi. Et donc d’adapter leurs pratiques à la Loi, et pas l’inverse.Et même si ce n’est pas un forum, quelqu’un (ou Circular, qui semble plus réactif sur Trustpilot que via le service client classique) pourrait-il me communiquer les coordonnées mail du médiateur de la consommation dont dépend cette entreprise (info qui n’est selon Circular toujours pas communicable, malgré mes demandes répétées). Peut-être que cette institution saura les obliger à se conformer à leurs obligations légales.Ou tout autre conseil (autre que les niaiseries stéréotypées du SAV)Et pour info, toujours la commande 2109658059.15/02: alors, Circular, vous avez effacé votre réponse d'hier ? Vous avez contacté un juriste de votre boite qui vous a remis la tête à l'endroit, et vous a expliqué que même dans la start-up nation, vous devez vous conformer à vos obligations légales ???Donc je réitère ma question, qui n'a au final pas eu de réponse: quelles sont les coordonnées du médiateur de la consommation dont dépend votre entreprise ?Je vous rappelle, s'il en était besoin, que la Directive 2013/11/UE, l'article L.611-1 du Code de la consommation (France) et l'ordonnance n° 2015-1033 du 20 août 2015 et Décret n° 2015-1382 du 30 octobre 2015 (France) IMPOSENT aux vendeurs en ligne de communiquer les coordonnées du médiateur de la consommation.Ensuite, la temporalité du recours me regarde.Je gèrerai sans vos ""conseils"".19/02/2024Je confirme le remboursement effectué ce jour. Je confirme aussi tous mes écrits précédents, les écarts volontaires et réitérés de cette entreprise envers ses obligations commerciales légales.Je vais conseiller à mes proches, eux aussi en difficultés de remboursement, de venir les détailler sur cette plateforme… seule à même faut-il croire capable de faire au final et tardivement, changer votre attitude.";"1"
"Stéphane FOURNIER";"11 févr. 2024";"C'est un produit qui ne répond ni ne correspond à la description qui en est faite : réception plusieurs mois aprèsla date initiale, autonomie de moins de trois jours en mode performance (en étant gentil), ne détecte pas certains réveil nocturne, on ne sait pas comment est calculé le niveau de stress, toute la partie calibration de la bague est en anglais même si on règle la bague sur une autre langue, bref une belle déception par rapport à la présentation qui en est faite sur le site web 🤔";"1"
"Maxime David";"10 févr. 2024";"Des gros voleurs !!!Arriver avec un problème de tailleProduit plastique cheap et cherRetour sous 7 jours pour attendre un remboursement qui ne viendra jamaisFuyez !!!4 mois que j’attend le remboursement c’est une honteEntreprise qui mérite de couler !!";"1"
"Manu";"3 févr. 2024";"Depuis bientôt six mois, je suis dans l'attente d'une hypothétique livraison. J'ai commandé en septembre la première version de la bague (avant qu'elle soit renommée en modèle Pro depuis l'arrivée de la version Slim... que l'on m'a aussi proposé d'acquérir à prix réduit, la bonne blague). Lors de ma commande, il était précisé que les livraisons auraient lieu en novembre. J'ai hésité, et dommage que je n'ai pas découvert avant les avis de clients arnaqués, sur ce site, cela m'aurait évité de l'être à mon tour. Cette société, présentée comme française, avec une des soi-disant meilleures expériences de bagues santé connectées, n'est pas sérieuse. Elle vend des produits qu'elle n'a pas en stock ou pas encore fabriqué, et propose régulièrement des ventes qui durent quelques jours, je suppose lorsque le cash commence à manquer dans les caisses, et elle n'envoie jamais les articles. N’y a-t-il pas moyen de déposer une plainte collective contre ce type de pratique ? C’est quand même plus de 300 euros la bague. Vraiment lamentable.";"1"
"Jeannot Deslot";"Actualisé le 9 juin 2024";"Pire entreprise à laquelle j'ai pu avoir affaire, après avoir repoussé sans cesse la livraison pendant 6 mois j'ai demandé un remboursement, bien sur ils ne voulaient pas me rembourser le sizing kit puisque je l'avais reçu.. J'ai du faire une demande de remboursement sur PayPal et ça fait 1 mois que j'attends. Le service client est en anglais seulement et les 3/4 du temps c'est surement un bot qui répond. Je commence à croire que jamais je ne serai remboursé.Edit du 07/03/2024 : À ce jour je n'ai reçu aucun remboursement de la part de Circular près de 4 mois après en avoir fait la demande. Je n'espère plus rien de cette entreprise.Edit du 09/06/2024 :J'attends toujours mon remboursement et le support me sort toujours des ""oui je comprends, on va contacter le service financier, ils vont s'occuper de vous"".. ça va bientôt faire 7 mois que j'essaye de me faire rembourser.52 mails avec le service client.Bon courage si vous avez acheté chez eux.";"1"
"kevin pellé";"Actualisé le 22 janv. 2024";"Marque à fuir, aucun respect pour ces clients, un service client déplorable. J'ai envoyé 2 mails sans réponse aux troisième mail j'ai reçu une réponse car ma bague est en panne. Après presque 1 mois d'échange par mail pour demander une réparation on me demande toujours d'attendre qu'ils peuvent réparer à distance .... Jamais vu un service client aussi nul dommage pour une marque française..... . Samsung a annoncé sa bague je sais ou je vais mettre mon argent la prochaine fois.";"1"
"Pascal S";"29 nov. 2023";"Arnaque ! Ne pas commander chez eux... Vous allez perdre de l'argent.";"1"
"Franck THOMAS";"24 nov. 2023";"Cocorico !Doit-on être fière d'une entreprise française qui prends ses clients pour des imbéciles ?Bague commandée début octobre, pour livraison début novembre, ce qui est déjà un délai important pour ce type de matériel, et toujours rien reçu.Mais le pire n'est pas là.Le support est une catastrophe : aucun contact humain possible sans passer par une IA débile et incapable de fournir des réponses sur les délais.Que ce soit par chat ou par mail, c'est la même chose.Dans l'absolu, je pourrais comprendre des retards de production, mais un tel suivi client est intolérable !J'espère que cette bague, si je la reçois un jour, sera au moins à la hauteur.";"1"
"Olivier Schultz";"15 nov. 2023";"Fuyez c'est une arnaque... J'ai payé et commandé ma bague il y a 1 an et demi et toujours pas livré. Personne ne répond aux emails..  FUYEZ";"1"
"Celine Del Rabal";"30 oct. 2023";"plus d un an que j attend ma bague....plus de 2 mois que j attend le remboursement... maintenant ce sont soit disant leurs remboursements qui ne fonctionnent pas et je dois passer par paypal....demande sur paypal faite....quel delai vont ils encore m annoncer? à fuire....j'ai reçu la bague connectee oura en quelques jours...";"1"
"Julien";"Actualisé le 16 janv. 2024";"Commande réalisée en janvier 2023. Toujours rien reçu. Le service client ne fait aucune com et aucun suivi.Rarement vu un truc pareil …Modification de mon commentaire suite à votre réponse (3 mois après mon commentaire pour me dire de mettre un message au service client, ce que j'ai bien sûr fait au moins 5 ou 6 fois) : j'ai fait hier une demande de remboursement et d'annulation de ma commande, 12 mois après l'avoir passée et sans n'avoir jamais rien reçu. Je noterai ici les réponses que j'obtiens";"1"
"FP Arsenault";"27 juil. 2023";"- presque aucun suivi auprès du client même après quelques mois de dépassement de la date de livraison prévue;- réponse du service à la clientèle après plusieurs communications;- remboursement du produit lent, long et qui prendra plus de 1 mois.";"1"
"Burel Bruno";"25 juil. 2023";"Commande passée il y a deux mois et pas de nouvelle du vendeur. Service client à c...r A fuir !!!";"1"
"Ludo";"27 juin 2023";"Pré-commandé en février 2022 avec paiement intégral et toujours rien. Date sans cesse repoussée, pas de réponse, fuyez!";"1"
"Cassandra Moraine";"12 juin 2023";"J'ai commandé une bague en Mai 2022. Ensuite, un peu comme tout le monde, j'ai attendu TRÈS longtemps. Jamais aucun update de Circular qui se f*** ouvertement de ses clients. A chaque fois que je leur écrivais, ils me disaient que je recevrais mon colis le mois suivant. Puis j'ai craqué, demandé un remboursement au bout de plus d'un an!!J'ai du insister, j'ai reçu des réponses en anglais, en français, toujours copié collé, jamais aucune excuse, pas un bonjour ni un merci, RIEN! En plus d'être l'une des pires entreprises que j'ai pu voir, je n'ai jamais vu un service client qui se moque aussi royalement de la satisfaction de ses clients. Bref, FUYEZ! Même si votre achat se passe bien, ils ne feront pas long feu à ce rythme et s'ils font faillite, plus d'appli qui va avec la bague.";"1"
"philippe ridoux";"26 mai 2023";"Bague commandée depuis un an. Des retours (chat) quand question posée , mais une date de livraison sans cesse repoussée . Si à  la dernière date donnée la bague n est pas livrée : demande de remboursement";"1"
"Dtag Dtag";"10 mai 2023";"Commandé un anneau en juin 2022 et toujours pas livré. Les délais n'arrêtent pas d'être repoussés. Les réponses de leur support sont préformatées et irrespectueuses de leurs clients. J'ai demandé un remboursement.";"1"
"Alain Kirstetter";"Actualisé le 16 janv. 2024";"Arnaque!Le 30/03/2022 j'ai commandé et payé les modèles pour la taille (13€99). Après les avoir reçus j'ai commandé (cde1958690335) et payé le modèle définitif le 10/06/2022 (267€99). Je n'ai toujours rien reçu. Lorsque je demande des informations je n'obtiens aucune réponse! J'ai été arnaqué de 281€98.A fuirJ'ai effectivement été livré, mais le 15/08/2023 (soit 1,5 ans plus tard). La bague reçue ne fonctionnait pas. Après bien des tractations on m'a promis de me livrer une bague nouvelle version courant janvier 2023! Il reste 15 jours. Wait and see";"1"
"NF";"17 mars 2023";"Comme beaucoup j'ai l'impression, toujours rien reçu alors que j'ai commandé ma bague le 27/02/2022 !!!Aucune communication, aucune réponse aux demandes ...Un Tchat sur le site qui ne sert à rien ...Aucun moyen de demander un remboursement ...Fuyez !!!!!";"1"
